#{"t_start": 1616946134.6494484, "env_id": "calib_env-v0"}
r,l,t
-108.466331,500,20.487958
19.855804,500,46.308369
-89.515958,500,73.51301
-288.479352,500,103.220866
-135.617599,500,130.064977
-173.470174,500,156.934542
-118.45596,500,183.39607
-163.700752,500,210.40172
-114.509588,500,236.788687
-150.796599,500,267.407026
