#{"t_start": 1616398278.9817312, "env_id": "calib_env-v0"}
r,l,t
878.34402,100,2.548367
516.65348,100,6.509588
