#{"t_start": 1619177168.1724718, "env_id": "calib_env-v0"}
r,l,t
0.135218,1,91.45346
0.141086,1,254.987726
.390148
113.718969,1000,173.741045
173.778109,1000,254.934585
106.923272,1000,335.955372
