#{"t_start": 1616152935.4701157, "env_id": "calib_env-v0"}
r,l,t
-20.111275,50,0.559866
-22.289194,50,1.073785
