#{"t_start": 1616073351.5258226, "env_id": "calib_env-v0"}
r,l,t
-1469.303355,5000,179.764445
