#{"t_start": 1615734982.8635297, "env_id": "calib_env-v0"}
r,l,t
-5.188258,1000,8.925154
27.236352,1000,36.205174
27.236352,1000,74.938165
27.236352,1000,101.502216
27.236352,1000,128.723472
27.236352,1000,162.571937
27.236352,1000,196.348405
27.236352,1000,231.437975
27.236352,1000,265.425032
27.236352,1000,294.993411
