#{"t_start": 1615476329.5660262, "env_id": "calib_env-v0"}
r,l,t
-30.387584,100,0.646569
