#{"t_start": 1615815195.1178474, "env_id": "calib_env-v0"}
r,l,t
-248.494892,1000,9.387272
