#{"t_start": 1615486140.9707377, "env_id": "calib_env-v0"}
r,l,t
-49.947237,100,0.796608
